{"stats":{"minecraft:used":{"minecraft:deepslate_bricks":21,"minecraft:torch":11,"minecraft:dirt_path":1,"minecraft:villager_spawn_egg":161,"minecraft:podzol":1,"minecraft:polished_andesite":98,"minecraft:deepslate_tile_slab":170,"minecraft:polished_granite":4,"minecraft:coarse_dirt":5,"minecraft:deepslate_brick_stairs":25,"minecraft:deepslate_tile_wall":71,"minecraft:deepslate_tiles":66},"minecraft:custom":{"minecraft:time_since_rest":49021,"minecraft:open_chest":1,"minecraft:crouch_one_cm":2295,"minecraft:play_time":49021,"minecraft:sprint_one_cm":28829,"minecraft:walk_one_cm":46495,"minecraft:sneak_time":1059,"minecraft:jump":78,"minecraft:damage_dealt":10,"minecraft:leave_game":8,"minecraft:time_since_death":49021,"minecraft:total_world_time":49021,"minecraft:tune_noteblock":3,"minecraft:fly_one_cm":551667}},"DataVersion":3465}