{"stats":{"minecraft:used":{"minecraft:peony":1,"minecraft:oak_trapdoor":1,"minecraft:netherite_sword":89,"minecraft:flint_and_steel":13,"minecraft:armor_stand":5,"minecraft:spruce_slab":2,"minecraft:redstone":2,"minecraft:poppy":4,"minecraft:light_gray_carpet":2,"minecraft:oak_sign":1,"minecraft:mycelium":11,"minecraft:chest":23,"minecraft:axolotl_spawn_egg":20,"minecraft:spruce_planks":4,"minecraft:white_terracotta":5,"minecraft:ender_chest":2,"minecraft:stone":263,"minecraft:creeper_head":4,"minecraft:grass":2,"minecraft:player_head":85,"minecraft:iron_chestplate":1,"minecraft:torch":31,"minecraft:bee_spawn_egg":3,"minecraft:mooshroom_spawn_egg":11,"minecraft:dirt":14,"minecraft:anvil":13,"minecraft:white_carpet":16,"minecraft:spruce_stairs":3,"minecraft:jungle_planks":1,"minecraft:cobblestone_wall":10,"minecraft:oak_wood":86,"minecraft:obsidian":238,"minecraft:stone_brick_slab":39,"minecraft:dark_oak_planks":2,"minecraft:cyan_terracotta":19,"minecraft:coal_ore":1,"minecraft:bookshelf":9,"minecraft:grass_block":101,"minecraft:red_wool":16,"minecraft:quartz_slab":1,"minecraft:lantern":10,"minecraft:iron_axe":4,"minecraft:jungle_log":22,"minecraft:iron_helmet":1,"minecraft:iron_boots":1,"minecraft:stone_brick_stairs":26,"minecraft:stone_bricks":176,"minecraft:item_frame":2,"minecraft:bedrock":2,"minecraft:netherite_boots":1,"minecraft:tripwire_hook":1,"minecraft:repeater":1,"minecraft:golden_sword":9,"minecraft:redstone_lamp":3,"minecraft:beef":1,"minecraft:wolf_spawn_egg":49,"minecraft:furnace":11,"minecraft:stone_pressure_plate":1,"minecraft:acacia_planks":2,"minecraft:observer":5,"minecraft:iron_leggings":1,"minecraft:emerald_ore":7,"minecraft:warped_stem":1,"minecraft:pink_tulip":2,"minecraft:cow_spawn_egg":118,"minecraft:iron_ore":21,"minecraft:dropper":5,"minecraft:birch_planks":1,"minecraft:polished_andesite":40,"minecraft:lime_wool":17,"minecraft:oak_planks":1,"minecraft:ender_pearl":12,"minecraft:sandstone":3,"minecraft:brown_mushroom":6,"minecraft:cut_sandstone":15,"minecraft:redstone_block":4,"minecraft:sheep_spawn_egg":5,"minecraft:sugar_cane":10,"minecraft:gold_ore":1,"minecraft:oak_leaves":89,"minecraft:white_wool":20,"minecraft:sand":15,"minecraft:mossy_cobblestone":4,"minecraft:comparator":1,"minecraft:lime_terracotta":22,"minecraft:rail":1,"minecraft:oak_slab":2,"minecraft:crafting_table":1,"minecraft:light_blue_wool":1,"minecraft:red_mushroom":9,"minecraft:phantom_spawn_egg":11,"minecraft:campfire":3,"minecraft:cod":1,"minecraft:infested_stone_bricks":9,"minecraft:squid_spawn_egg":931,"minecraft:cake":3,"minecraft:smoker":2,"minecraft:creeper_spawn_egg":270,"minecraft:redstone_torch":3,"minecraft:oak_log":20,"minecraft:sticky_piston":4,"minecraft:piston":9,"minecraft:lever":27,"minecraft:flower_pot":3,"minecraft:daylight_detector":11,"minecraft:dark_oak_log":25,"minecraft:barrier":259,"minecraft:pig_spawn_egg":102,"minecraft:map":7,"minecraft:stone_button":1,"minecraft:jungle_stairs":1,"minecraft:diamond_ore":6,"minecraft:soul_lantern":2,"minecraft:fishing_rod":3,"minecraft:diamond_sword":130,"minecraft:cobblestone":32,"minecraft:glass_pane":3,"minecraft:andesite":9,"minecraft:smooth_stone_slab":5,"minecraft:coarse_dirt":16,"minecraft:dandelion":2,"minecraft:purple_wool":16,"minecraft:gray_stained_glass":13},"minecraft:crafted":{"minecraft:leather_leggings":1,"minecraft:leather_boots":1,"minecraft:leather_chestplate":1},"minecraft:custom":{"minecraft:inspect_dropper":1,"minecraft:mob_kills":127,"minecraft:interact_with_anvil":17,"minecraft:inspect_hopper":4,"minecraft:interact_with_crafting_table":2,"minecraft:bell_ring":1,"minecraft:eat_cake_slice":1,"minecraft:leave_game":316,"minecraft:time_since_death":26275,"minecraft:climb_one_cm":856,"minecraft:damage_resisted":104,"minecraft:sprint_one_cm":1612708,"minecraft:walk_one_cm":1783068,"minecraft:drop":97,"minecraft:talked_to_villager":1,"minecraft:play_time":3225755,"minecraft:deaths":6,"minecraft:sneak_time":33656,"minecraft:walk_under_water_one_cm":107062,"minecraft:jump":8776,"minecraft:walk_on_water_one_cm":30127,"minecraft:total_world_time":199480,"minecraft:interact_with_furnace":20,"minecraft:pot_flower":5,"minecraft:time_since_rest":26295,"minecraft:open_enderchest":1,"minecraft:damage_taken":3133,"minecraft:trigger_trapped_chest":4,"minecraft:damage_dealt":18302,"minecraft:swim_one_cm":31006,"minecraft:fly_one_cm":10129169,"minecraft:open_chest":644,"minecraft:crouch_one_cm":54025,"minecraft:fall_one_cm":37206,"minecraft:inspect_dispenser":2},"minecraft:killed_by":{"minecraft:creeper":1,"minecraft:skeleton":1,"minecraft:zombie":2},"minecraft:mined":{"minecraft:grass_block":5,"minecraft:peony":1,"minecraft:player_head":5,"minecraft:player_wall_head":1,"minecraft:poppy":1,"minecraft:dead_bush":1,"minecraft:tall_grass":25,"minecraft:cactus":2,"minecraft:birch_log":4,"minecraft:bee_nest":2,"minecraft:grass":18,"minecraft:sunflower":1,"minecraft:sand":2,"minecraft:oak_leaves":1},"minecraft:killed":{"minecraft:spider":2,"minecraft:phantom":4,"minecraft:skeleton":1,"minecraft:bee":3,"minecraft:axolotl":7,"minecraft:cat":1,"minecraft:wolf":38,"minecraft:pig":1,"minecraft:creeper":14,"minecraft:squid":27,"minecraft:sheep":2,"minecraft:zombie":5,"minecraft:mooshroom":10,"minecraft:cow":12},"minecraft:dropped":{"minecraft:porkchop":3,"minecraft:barrier":212,"minecraft:honeycomb":1,"minecraft:stick":4,"minecraft:map":21,"minecraft:sunflower":1,"minecraft:sand":1,"minecraft:player_head":2,"minecraft:white_carpet":33,"minecraft:stone":1,"minecraft:gunpowder":1,"minecraft:oak_leaves":1},"minecraft:picked_up":{"minecraft:wooden_axe":1,"minecraft:cocoa_beans":4,"minecraft:coarse_dirt":4,"minecraft:chicken":16,"minecraft:nether_wart":2,"minecraft:redstone_lamp":1,"minecraft:brown_mushroom":2,"minecraft:diamond_sword":2,"minecraft:cooked_rabbit":8,"minecraft:flint_and_steel":1,"minecraft:netherite_scrap":4,"minecraft:mycelium":4,"minecraft:sticky_piston":4,"minecraft:white_carpet":33,"minecraft:oak_sign":1,"minecraft:beetroot":16,"minecraft:comparator":4,"minecraft:beef":49,"minecraft:jungle_sapling":2,"minecraft:player_head":8,"minecraft:observer":4,"minecraft:poppy":1,"minecraft:sugar_cane":19,"minecraft:piston":4,"minecraft:egg":17,"minecraft:diamond_ore":2,"minecraft:stick":6,"minecraft:stone":18,"minecraft:red_stained_glass_pane":9,"minecraft:torch":1,"minecraft:acacia_log":16,"minecraft:spruce_stairs":1,"minecraft:note_block":4,"minecraft:porkchop":3,"minecraft:diorite":16,"minecraft:redstone":16,"minecraft:stone_pressure_plate":1,"minecraft:tnt":8,"minecraft:cactus":15,"minecraft:arrow":2,"minecraft:cooked_cod":8,"minecraft:rotten_flesh":7,"minecraft:beetroot_seeds":8,"minecraft:bookshelf":1,"minecraft:gold_ingot":2,"minecraft:mutton":17,"minecraft:obsidian":66,"minecraft:snowball":16,"minecraft:cod":16,"minecraft:white_wool":17,"minecraft:rail":1,"minecraft:cobblestone":23,"minecraft:birch_log":20,"minecraft:barrier":218,"minecraft:cooked_beef":10,"minecraft:repeater":6,"minecraft:tripwire_hook":17,"minecraft:jungle_log":16,"minecraft:leather":16,"minecraft:red_mushroom_block":4,"minecraft:red_mushroom":2,"minecraft:potato":6,"minecraft:ice":4,"minecraft:oak_log":19,"minecraft:gunpowder":13,"minecraft:lapis_lazuli":16,"minecraft:map":28,"minecraft:dirt":21,"minecraft:cooked_mutton":8,"minecraft:glass":16,"minecraft:bone":6,"minecraft:kelp":3,"minecraft:stone_bricks":16,"minecraft:bow":1,"minecraft:wheat_seeds":17,"minecraft:iron_ingot":5,"minecraft:cooked_chicken":8,"minecraft:rabbit":16,"minecraft:honeycomb":1,"minecraft:sweet_berries":22,"minecraft:daylight_detector":4,"minecraft:dropper":4,"minecraft:black_stained_glass_pane":124,"minecraft:sand":19,"minecraft:ink_sac":127,"minecraft:brown_mushroom_block":8,"minecraft:grass_block":16,"minecraft:spruce_log":16,"minecraft:pumpkin_seeds":4,"minecraft:dispenser":4,"minecraft:diamond":2,"minecraft:lever":29,"minecraft:granite":16,"minecraft:bone_meal":16,"minecraft:white_concrete":8,"minecraft:golden_apple":1,"minecraft:emerald":2,"minecraft:nether_star":1,"minecraft:melon_seeds":4,"minecraft:oak_sapling":1,"minecraft:black_wool":1,"minecraft:coal":4,"minecraft:oak_leaves":1,"minecraft:hopper":4,"minecraft:sunflower":2}},"DataVersion":3337}