{"stats":{"minecraft:picked_up":{"minecraft:sweet_berries":2},"minecraft:killed_by":{"minecraft:stray":1},"minecraft:custom":{"minecraft:jump":243,"minecraft:deaths":1,"minecraft:time_since_rest":644,"minecraft:damage_dealt":18,"minecraft:play_one_minute":6362,"minecraft:walk_on_water_one_cm":155,"minecraft:leave_game":2,"minecraft:sprint_one_cm":22860,"minecraft:damage_taken":257,"minecraft:time_since_death":624,"minecraft:walk_one_cm":5378,"minecraft:sneak_time":10,"minecraft:walk_under_water_one_cm":386,"minecraft:damage_resisted":48,"minecraft:swim_one_cm":804,"minecraft:fall_one_cm":9292,"minecraft:fly_one_cm":75893},"minecraft:used":{"minecraft:sweet_berries":2},"minecraft:mined":{"minecraft:grass":1,"minecraft:tall_grass":3,"minecraft:sweet_berry_bush":2}},"DataVersion":2586}